"county","place","hu_2010","hu_2011","hu_2012","hu_2013","hu_2014","hu_2015","perm_2010","perm_2011","perm_2012","perm_2013","perm_2014","perm_2015"
0.00,0.00,2214182.00,2221544.00,2231212.00,2251511.00,2276078.00,2301090.00,2338.75,11591.00,13517.00,23249.86,27561.22,28698.00
0.00,760.00,290.00,289.00,288.00,287.00,286.00,285.00,0.00,0.00,0.00,0.00,0.00,0.00
0.00,925.00,842.00,841.00,840.00,839.00,837.00,837.00,0.75,1.00,1.00,0.00,0.00,2.00
0.00,1090.00,3699.00,3713.00,3745.00,3794.00,3820.00,3856.00,4.50,24.00,41.00,49.00,24.00,44.00
0.00,1530.00,189.00,191.00,192.00,193.00,194.00,194.00,0.00,2.00,1.00,1.00,1.00,0.00
0.00,2355.00,407.00,406.00,405.00,404.00,403.00,402.00,,,0.00,0.00,0.00,0.00
0.00,3235.00,129.00,129.00,129.00,129.00,129.00,129.00,,,,,,
0.00,3455.00,44471.00,44601.00,45084.00,45491.00,45993.00,46528.00,23.25,190.00,549.00,417.00,564.00,597.00
0.00,3620.00,5934.00,5934.00,5933.00,5934.00,5941.00,5987.00,2.00,8.00,7.00,9.00,9.00,54.00
0.00,3950.00,615.00,613.00,611.00,611.00,614.00,618.00,0.50,0.00,0.00,2.00,5.00,5.00
0.00,4000.00,130847.00,131426.00,131943.00,132793.00,134365.00,135228.00,106.50,764.00,684.00,856.13,1751.00,1024.00
0.00,4110.00,3580.00,3583.00,3587.00,3591.00,3598.00,3602.00,0.50,7.00,8.00,4.00,10.00,7.00
0.00,4935.00,1911.00,1909.00,1907.00,1908.00,1927.00,1937.00,1.25,1.00,1.00,4.00,22.00,12.00
0.00,5265.00,975.00,985.00,999.00,1010.00,1024.00,1035.00,10.25,13.00,17.00,14.00,14.00,13.00
0.00,6090.00,897.00,895.00,894.00,892.00,891.00,891.00,0.25,0.00,0.00,0.00,0.00,1.00
0.00,6255.00,2097.00,2103.00,2116.00,2152.00,2297.00,2361.00,3.00,11.00,17.00,41.00,151.00,68.00
0.00,6530.00,84.00,84.00,84.00,84.00,84.00,84.00,0.00,0.00,0.00,0.00,0.00,0.00
0.00,7025.00,69.00,69.00,69.00,69.00,69.00,69.00,0.00,0.00,0.00,0.00,0.00,0.00
0.00,7190.00,167.00,166.00,165.00,164.00,163.00,163.00,,,,,0.00,0.00
0.00,7410.00,726.00,728.00,733.00,732.00,734.00,735.00,0.38,2.76,5.89,,2.00,2.00
0.00,7571.00,42.00,42.00,42.00,42.00,42.00,42.00,,,,,,
0.00,7795.00,182.00,182.00,182.00,182.00,182.00,182.00,0.25,0.61,0.31,0.70,0.41,0.41
0.00,7850.00,43549.00,43916.00,43960.00,44360.00,45222.00,45757.00,29.75,453.00,115.00,415.00,878.00,608.00
0.00,8070.00,302.00,302.00,302.00,303.00,306.00,310.00,0.50,0.00,1.00,2.00,3.00,5.00
0.00,8345.00,45.00,45.00,45.00,45.00,45.00,45.00,,,,,,
0.00,8400.00,6945.00,6963.00,7011.00,7044.00,7091.00,7149.00,3.62,26.24,56.11,41.00,55.00,66.00
0.00,8675.00,11500.00,11526.00,11550.00,11591.00,11762.00,11840.00,9.25,50.00,45.00,64.00,203.00,98.00
0.00,9115.00,100.00,101.00,102.00,103.00,104.00,105.00,0.25,1.00,1.00,1.00,1.00,1.00
0.00,9280.00,22668.00,22861.00,23057.00,25039.00,25896.00,26680.00,40.00,232.00,229.00,2010.00,896.00,820.00
0.00,9555.00,2299.00,2294.00,2289.00,2284.00,2279.00,2274.00,0.00,0.00,0.00,0.00,0.00,0.00
0.00,10105.00,1380.00,1390.00,1396.00,1415.00,1428.00,1440.00,3.13,13.89,9.49,22.00,14.30,14.44
0.00,10600.00,1477.00,1475.00,1472.00,1468.00,1465.00,1462.00,0.25,2.00,0.00,0.00,0.00,0.00
0.00,11260.00,348.00,348.00,347.00,346.00,345.00,344.00,0.00,1.00,0.00,0.00,0.00,0.00
0.00,11645.00,75.00,75.00,75.00,75.00,75.00,75.00,,,,,,
0.00,11810.00,7295.00,7284.00,7274.00,7259.00,7249.00,7244.00,3.00,9.00,8.00,4.00,7.00,11.00
0.00,12045.00,2467.00,2466.00,2463.00,2472.00,2482.00,2499.00,0.25,3.00,1.00,8.00,14.00,20.00
0.00,12387.00,3637.00,3642.00,3653.00,3658.00,3658.00,3658.00,0.00,7.00,13.00,7.00,1.00,1.00
0.00,12415.00,17696.00,18048.00,18350.00,18868.00,19686.00,20484.00,65.25,376.00,321.00,540.00,828.00,821.00
0.00,12635.00,1180.00,1177.00,1174.00,1177.00,1175.00,1177.00,0.50,1.00,0.00,2.00,1.00,5.00
0.00,12815.00,39320.00,39316.00,39293.00,39627.00,39623.00,39678.00,3.25,34.00,14.00,340.00,33.00,92.00
0.00,12855.00,924.00,921.00,919.00,916.00,914.00,912.00,0.00,0.00,0.00,0.00,0.00,0.00
0.00,12910.00,489.00,488.00,491.00,490.00,497.00,500.00,2.00,0.00,4.00,0.00,8.00,4.00
0.00,13460.00,115.00,115.00,115.00,115.00,115.00,115.00,,,,,,
0.00,13845.00,2153.00,2158.00,2162.00,2164.00,2179.00,2186.00,2.50,8.00,7.00,14.00,17.00,10.00
0.00,14175.00,429.00,428.00,427.00,427.00,426.00,426.00,0.00,1.00,0.00,1.00,0.00,1.00
0.00,14765.00,270.00,269.00,268.00,271.00,272.00,274.00,0.25,0.00,0.00,4.00,2.00,3.00
0.00,15330.00,160.00,159.00,159.00,158.00,158.00,158.00,0.00,0.00,0.00,0.00,0.00,0.00
0.00,15550.00,94.00,94.00,94.00,95.00,96.00,96.00,0.00,0.00,0.49,0.96,0.99,0.08
0.00,15605.00,220.00,221.00,222.00,223.00,224.00,225.00,0.32,1.44,1.26,1.25,1.55,1.77
0.00,16000.00,179825.00,180750.00,182049.00,183807.00,186309.00,188553.00,237.07,1221.48,1579.33,2115.73,2519.44,2514.51
0.00,16385.00,530.00,530.00,530.00,530.00,529.00,533.00,0.25,1.00,1.00,1.00,0.00,5.00
0.00,16495.00,15479.00,15679.00,15763.00,15939.00,16325.00,16647.00,33.00,240.00,116.00,192.00,384.00,354.00
0.00,17375.00,3885.00,3884.00,3880.00,3876.00,3868.00,3865.00,3.00,11.00,6.00,7.00,1.00,6.00
0.00,17760.00,4081.00,4072.00,4065.00,4056.00,4047.00,4040.00,1.50,2.00,3.00,2.00,0.00,1.00
0.00,17925.00,211.00,210.00,209.00,208.00,207.00,206.00,0.00,0.00,0.00,0.00,0.00,0.00
0.00,18310.00,1069.00,1074.00,1082.00,1092.00,1099.00,1104.00,0.50,7.00,10.00,12.00,9.00,7.00
0.00,18420.00,108.00,109.00,109.00,110.00,116.00,117.00,1.25,1.00,0.00,1.00,6.00,1.00
0.00,18530.00,727.00,726.00,725.00,723.00,721.00,719.00,0.50,1.00,1.00,0.00,0.00,0.00
0.00,18640.00,76.00,76.00,76.00,76.00,76.00,76.00,0.00,0.00,0.00,0.00,0.00,0.00
0.00,18750.00,88.00,88.00,88.00,88.00,88.00,88.00,0.00,0.00,0.00,0.00,0.00,0.00
0.00,19080.00,1561.00,1573.00,1572.00,1579.00,1612.00,1691.00,4.75,20.00,5.00,6.00,39.00,84.00
0.00,19355.00,219.00,219.00,219.00,219.00,220.00,221.00,0.32,1.45,1.27,1.24,1.55,1.76
0.00,19630.00,274.00,273.00,272.00,271.00,273.00,285.00,0.00,0.00,0.00,0.00,3.00,13.00
0.00,19795.00,850.00,850.00,849.00,848.00,847.00,846.00,0.00,3.00,2.00,2.14,1.72,1.72
0.00,19850.00,3810.00,3806.00,3840.00,3843.00,3837.00,3869.00,0.75,7.00,45.00,7.00,4.00,41.00
0.00,20000.00,285720.00,286336.00,288390.00,293506.00,298727.00,304037.00,222.00,1232.00,2685.00,5578.00,5870.00,5958.00
0.00,20440.00,1295.00,1296.00,1298.00,1299.00,1302.00,1305.00,0.36,2.97,3.12,2.36,4.65,4.11
0.00,20495.00,175.00,174.00,173.00,172.00,171.00,170.00,0.00,0.00,0.00,0.00,0.00,0.00
0.00,20770.00,500.00,498.00,497.00,497.00,497.00,498.00,0.25,0.00,0.00,1.00,1.00,2.00
0.00,21265.00,360.00,358.00,357.00,356.00,355.00,354.00,,,,,,
0.00,22035.00,7860.00,7896.00,7919.00,7948.00,8031.00,8153.00,7.50,54.00,39.00,46.00,100.00,138.00
0.00,22145.00,352.00,351.00,350.00,349.00,348.00,347.00,0.00,0.00,0.00,0.00,0.00,0.00
0.00,22200.00,2416.00,2416.00,2416.00,2413.00,2423.00,2443.00,1.25,4.00,4.00,1.00,14.00,23.00
0.00,22860.00,1698.00,1702.00,1709.00,1729.00,1772.00,1804.00,0.75,8.00,11.00,20.00,47.00,36.00
0.00,23025.00,132.00,131.00,130.00,129.00,128.00,128.00,0.00,0.00,0.00,0.00,0.00,0.00
0.00,23135.00,2434.00,2430.00,2426.00,2422.00,2425.00,2422.00,0.00,1.00,1.00,1.00,5.00,2.00
0.00,23740.00,531.00,530.00,529.00,529.00,529.00,529.00,0.00,0.00,0.00,1.00,1.00,1.00
0.00,24620.00,197.00,197.00,197.00,196.00,196.00,196.00,0.09,0.60,0.81,0.30,0.56,0.56
0.00,24785.00,15472.00,15448.00,15425.00,15397.00,15699.00,15688.00,2.25,7.00,7.00,2.00,311.00,19.00
0.00,24950.00,6610.00,6715.00,6812.00,6905.00,7131.00,7405.00,25.75,119.00,108.00,103.56,238.00,287.00
0.00,25115.00,4111.00,4116.00,4131.00,4156.00,4175.00,4191.00,5.50,11.00,21.00,31.00,25.00,22.00
0.00,25280.00,6769.00,6836.00,6921.00,6961.00,7059.00,7096.00,14.50,85.00,100.00,24.00,112.00,48.00
0.00,25610.00,397.00,399.00,400.00,401.00,400.00,399.00,0.76,2.68,2.07,2.02,0.00,0.00
0.00,26270.00,4875.00,4856.00,4841.00,4866.00,4850.00,4849.00,0.75,5.00,3.00,14.00,0.00,12.00
0.00,26600.00,3536.00,3613.00,3661.00,3707.00,3776.00,3899.00,21.75,87.00,56.00,54.00,76.00,130.00
0.00,26765.00,328.00,327.00,326.00,325.00,324.00,323.00,0.00,0.00,0.00,0.00,0.00,0.00
0.00,26875.00,204.00,203.00,202.00,202.00,201.00,202.00,0.00,0.00,0.00,1.00,0.00,2.00
0.00,27040.00,1749.00,1744.00,1740.00,1736.00,1733.00,1731.00,0.25,1.00,1.00,1.00,2.00,2.00
0.00,27425.00,60690.00,60848.00,61471.00,62518.00,63816.00,64880.00,58.25,246.00,714.00,1144.00,1391.00,1152.00
0.00,27700.00,2548.00,2544.00,2540.00,2535.00,2536.00,2535.00,0.00,1.00,1.00,1.00,6.00,4.00
0.00,27810.00,4292.00,4281.00,4273.00,4262.00,4253.00,4246.00,1.00,0.00,2.00,0.00,1.00,2.00
0.00,27865.00,9397.00,9442.00,9508.00,9601.00,9717.00,9834.00,12.37,63.73,82.56,110.60,131.70,131.41
0.00,27975.00,597.00,595.00,593.00,591.00,589.00,587.00,0.00,0.00,0.00,0.00,0.00,0.00
0.00,28105.00,254.00,255.00,255.00,258.00,259.00,261.00,0.77,1.23,0.51,3.19,1.00,2.00
0.00,28305.00,1095.00,1097.00,1101.00,1104.00,1109.00,1120.00,0.37,3.37,5.26,4.63,6.95,13.05
0.00,28360.00,3070.00,3119.00,3226.00,3447.00,3654.00,3796.00,6.00,55.00,113.00,229.00,214.00,148.00
0.00,28690.00,3119.00,3151.00,3185.00,3228.00,3284.00,3344.00,6.00,36.00,37.00,46.00,59.00,63.00
0.00,28745.00,5086.00,5106.00,5124.00,5155.00,5181.00,5213.00,7.38,33.01,29.07,28.78,35.86,40.89
0.00,29185.00,132.00,132.00,132.00,132.00,132.00,132.00,0.00,0.00,0.00,0.00,0.00,0.00
0.00,29680.00,84.00,84.00,84.00,84.00,84.00,84.00,,,,,,
0.00,29735.00,758.00,757.00,755.00,755.00,753.00,751.00,0.25,1.00,0.00,0.00,0.00,0.00
0.00,29955.00,346.00,345.00,344.00,343.00,342.00,341.00,0.00,0.00,0.00,0.00,0.00,0.00
0.00,30340.00,2722.00,2719.00,2716.00,2713.00,3046.00,3043.00,0.00,0.00,0.00,0.00,341.00,0.00
0.00,30780.00,4112.00,4103.00,4096.00,4147.00,4140.00,4132.00,1.50,0.00,1.00,61.00,1.00,0.00
0.00,30835.00,7782.00,7797.00,7844.00,7830.00,7922.00,8033.00,19.50,33.00,63.00,2.00,108.00,126.00
0.00,31550.00,243.00,242.00,241.00,240.00,239.00,238.00,0.00,0.00,0.00,0.00,0.00,0.00
0.00,31605.00,1537.00,1538.00,1542.00,1572.00,1579.00,1594.00,4.17,4.71,7.37,6.49,9.73,18.28
0.00,31660.00,26343.00,26456.00,26556.00,26652.00,26833.00,26997.00,38.12,170.44,151.07,149.18,185.74,211.76
0.00,31715.00,920.00,930.00,939.00,951.00,967.00,972.00,2.50,12.09,10.99,13.53,17.50,6.34
0.00,32155.00,36324.00,36335.00,36311.00,36338.00,36699.00,37418.00,11.50,85.00,42.00,98.00,430.00,789.00
0.00,32650.00,591.00,593.00,596.00,601.00,607.00,613.00,0.78,4.01,5.19,6.95,7.94,8.01
0.00,33035.00,6303.00,6316.00,6318.00,6320.00,6576.00,6583.00,3.75,19.00,8.00,8.00,265.00,13.00
0.00,33310.00,90.00,90.00,90.00,90.00,90.00,90.00,0.00,0.00,0.00,0.00,0.00,0.00
0.00,33640.00,2639.00,2645.00,2641.00,2637.00,2643.00,2644.00,9.50,13.00,2.00,3.00,12.00,7.00
0.00,33695.00,2217.00,2224.00,2240.00,2278.00,2306.00,2330.00,6.75,12.00,21.00,43.00,32.00,28.00
0.00,34520.00,45.00,45.00,45.00,45.00,45.00,45.00,,,,,,
0.00,34740.00,41.00,41.00,41.00,41.00,41.00,41.00,,,,,,
0.00,34960.00,498.00,498.00,498.00,499.00,500.00,502.00,0.25,2.00,1.00,1.00,2.00,3.00
0.00,35070.00,805.00,804.00,803.00,805.00,807.00,808.00,0.87,1.33,1.00,4.00,4.00,3.00
0.00,36610.00,118.00,117.00,117.00,116.00,116.00,116.00,0.00,0.00,0.00,0.00,0.00,0.00
0.00,37215.00,377.00,376.00,376.00,377.00,376.00,375.00,0.25,0.00,1.00,2.00,0.00,0.00
0.00,37270.00,1031.00,1028.00,1025.00,1030.00,1027.00,1027.00,0.75,0.00,0.00,8.00,0.00,2.00
0.00,37380.00,62.00,62.00,62.00,62.00,62.00,62.00,,,0.00,0.00,0.00,0.00
0.00,37545.00,471.00,469.00,468.00,466.00,465.00,464.00,,,0.00,0.00,0.00,0.00
0.00,37600.00,310.00,313.00,316.00,320.00,325.00,326.00,0.84,4.07,3.70,4.55,5.89,2.13
0.00,37820.00,554.00,553.00,552.00,554.00,556.00,555.00,0.00,0.00,0.00,2.00,2.00,0.00
0.00,37875.00,410.00,409.00,408.00,409.00,408.00,407.00,0.00,0.00,0.00,1.00,0.00,0.00
0.00,38370.00,930.00,927.00,924.00,921.00,918.00,915.00,0.00,0.00,0.00,0.00,0.00,0.00
0.00,38535.00,309.00,309.00,308.00,307.00,309.00,308.00,0.75,1.00,0.00,0.00,3.00,0.00
0.00,38590.00,128.00,127.00,126.00,125.00,125.00,125.00,0.00,0.00,0.00,0.00,1.00,0.00
0.00,39195.00,141.00,141.00,141.00,141.00,131.00,131.00,0.06,0.25,0.52,0.36,0.34,0.30
0.00,39855.00,3575.00,3690.00,3861.00,4165.00,4531.00,5046.00,24.25,124.00,180.00,315.00,376.00,527.00
0.00,39965.00,730.00,728.00,726.00,726.00,727.00,725.00,0.25,0.00,0.00,0.00,1.00,0.00
0.00,40185.00,463.00,463.00,463.00,464.00,463.00,462.00,0.32,1.32,1.33,2.24,0.00,0.00
0.00,40515.00,529.00,528.00,527.00,536.00,538.00,541.00,0.00,0.00,0.00,7.00,2.00,4.00
0.00,40570.00,47.00,47.00,47.00,47.00,47.00,47.00,,,,,,
0.00,40790.00,322.00,321.00,320.00,320.00,321.00,320.00,0.25,0.00,0.00,0.00,0.00,0.00
0.00,41010.00,146.00,145.00,145.00,144.00,144.00,144.00,,,,,0.00,0.00
0.00,41560.00,695.00,702.00,708.00,716.00,718.00,721.00,1.89,9.14,8.31,10.23,4.00,4.79
0.00,41835.00,10016.00,10034.00,10267.00,10628.00,10759.00,10953.00,27.25,35.00,252.00,366.00,141.00,209.00
0.00,42055.00,357.00,356.00,355.00,354.00,354.00,353.00,0.00,0.00,0.00,0.00,1.00,0.00
0.00,42110.00,3420.00,3412.00,3403.00,3394.00,3387.00,3380.00,0.00,1.00,0.00,0.00,2.00,1.00
0.00,42330.00,448.00,451.00,453.00,454.00,455.00,456.00,0.72,3.54,2.90,1.29,1.93,1.93
0.00,42495.00,10.00,10.00,10.00,10.00,10.00,10.00,,,,,0.00,0.00
0.00,43000.00,65755.00,65862.00,65890.00,66124.00,66900.00,67995.00,14.75,200.00,116.00,325.00,800.00,1195.00
0.00,43110.00,3710.00,3701.00,3692.00,3682.00,3672.00,3664.00,0.00,2.00,1.00,1.00,0.00,1.00
0.00,43550.00,91.00,91.00,92.00,93.00,94.00,96.00,0.10,0.50,0.95,1.10,1.69,2.37
0.00,43605.00,746.00,744.00,742.00,741.00,739.00,737.00,0.00,0.00,0.00,1.00,0.00,0.00
0.00,43660.00,1213.00,1209.00,1206.00,1202.00,1199.00,1196.00,0.00,0.00,0.00,0.00,0.00,0.00
0.00,44100.00,566.00,564.00,562.00,560.00,560.00,559.00,0.75,0.00,0.00,0.00,2.00,0.00
0.00,44320.00,1673.00,1668.00,1667.00,1662.00,1657.00,1652.00,0.00,0.00,4.00,0.00,0.00,0.00
0.00,44980.00,964.00,962.00,959.00,957.00,960.00,958.00,1.00,1.00,0.00,1.00,2.00,0.00
0.00,45255.00,19501.00,19748.00,19727.00,19709.00,19690.00,20108.00,70.50,281.00,3.00,7.00,5.00,447.00
0.00,45530.00,1783.00,1856.00,1877.00,1869.00,1870.00,1892.00,24.75,85.00,29.00,1.00,8.00,28.00
0.00,45695.00,342.00,340.00,339.00,339.00,340.00,339.00,0.00,0.00,0.00,0.00,0.00,0.00
0.00,45955.00,4804.00,4861.00,4957.00,5501.00,5577.00,5658.00,68.25,60.00,100.00,555.00,79.00,84.00
0.00,45970.00,35027.00,35083.00,35147.00,35425.00,35611.00,35971.00,14.75,110.00,114.00,277.00,245.00,411.00
0.00,46355.00,7902.00,7907.00,7995.00,8161.00,8395.00,8450.00,4.25,13.00,98.00,177.00,245.00,63.00
0.00,46465.00,28555.00,29211.00,29360.00,29672.00,29986.00,30710.00,18.25,720.00,193.00,317.00,358.00,772.00
0.00,47070.00,906.00,910.00,910.00,911.00,913.00,923.00,0.75,6.00,2.00,3.00,4.00,12.00
0.00,48060.00,425.00,423.00,422.00,420.00,419.00,418.00,,,,,,
0.00,48115.00,609.00,610.00,611.00,613.00,616.00,621.00,0.75,3.00,3.00,4.00,5.00,7.00
0.00,48445.00,2798.00,2810.00,2827.00,2853.00,2887.00,2919.00,3.69,19.02,24.59,32.94,39.22,39.13
0.00,48500.00,198.00,197.00,196.00,196.00,196.00,195.00,0.00,0.00,0.00,0.00,0.00,0.00
0.00,48555.00,104.00,104.00,104.00,104.00,104.00,104.00,0.00,0.00,0.00,0.00,0.00,0.00
0.00,49600.00,1233.00,1248.00,1310.00,1362.00,1387.00,1506.00,7.00,17.00,65.00,55.00,27.00,122.00
0.00,49875.00,1219.00,1217.00,1214.00,1215.00,1213.00,1212.00,0.25,1.00,0.00,2.00,1.00,1.00
0.00,50040.00,120.00,120.00,120.00,120.00,120.00,120.00,0.00,1.00,0.00,0.00,0.00,0.00
0.00,50480.00,1982.00,1983.00,1984.00,2003.00,2035.00,2116.00,1.00,4.00,4.00,19.00,35.00,85.00
0.00,50920.00,530.00,532.00,532.00,531.00,530.00,530.00,1.75,4.00,2.00,1.00,1.00,1.00
0.00,51250.00,70.00,70.00,70.00,70.00,70.00,70.00,0.00,0.00,0.00,0.00,0.00,0.00
0.00,51635.00,1960.00,1961.00,1961.00,1961.00,1960.00,1959.00,1.35,6.92,4.61,4.94,3.95,3.95
0.00,51690.00,54.00,54.00,54.00,54.00,54.00,54.00,0.02,0.13,0.13,0.10,0.19,0.17
0.00,51745.00,8628.00,8638.00,8641.00,8667.00,8696.00,8721.00,19.50,32.00,22.00,19.00,30.00,42.00
0.00,51800.00,2042.00,2050.00,2063.00,2081.00,2106.00,2131.00,2.49,12.81,16.57,22.19,28.63,28.57
0.00,52075.00,140.00,140.00,140.00,140.00,140.00,141.00,0.00,0.00,0.00,0.00,0.00,1.00
0.00,52350.00,278.00,277.00,276.00,277.00,278.00,280.00,0.00,0.00,0.00,2.00,2.00,3.00
0.00,52550.00,2064.00,2069.00,2071.00,2074.00,2076.00,2078.00,0.25,6.00,3.00,4.00,3.00,3.00
0.00,52570.00,1510.00,1509.00,1509.00,1510.00,1512.00,1517.00,0.25,0.00,2.00,3.00,3.00,7.00
0.00,53120.00,316.00,314.00,313.00,312.00,311.00,310.00,0.00,0.00,0.00,0.00,0.00,0.00
0.00,53175.00,751.00,751.00,750.00,751.00,758.00,761.00,0.32,1.32,0.00,1.00,8.00,4.00
0.00,53395.00,1717.00,1714.00,1711.00,1711.00,1722.00,1731.00,0.50,1.00,0.00,0.00,14.00,12.00
0.00,54330.00,14264.00,14246.00,14228.00,14210.00,14418.00,14400.00,0.00,0.00,0.00,0.00,229.00,0.00
0.00,54880.00,250.00,251.00,252.00,254.00,255.00,256.00,0.54,2.28,2.13,1.32,1.42,1.22
0.00,54935.00,367.00,365.00,364.00,364.00,369.00,368.00,,,0.00,0.00,4.00,0.00
0.00,55045.00,198.00,197.00,196.00,197.00,196.00,196.00,0.00,0.00,0.00,2.00,0.00,1.00
0.00,55155.00,505.00,504.00,504.00,502.00,503.00,506.00,0.55,0.84,1.35,1.65,1.84,4.20
0.00,55540.00,633.00,631.00,629.00,629.00,627.00,625.00,0.00,0.00,0.00,0.00,0.00,0.00
0.00,55705.00,161.00,160.00,159.00,158.00,157.00,157.00,0.00,0.00,0.00,0.00,0.00,0.00
0.00,55870.00,65.00,65.00,65.00,65.00,65.00,65.00,0.00,0.00,0.00,0.00,0.00,0.00
0.00,55980.00,1416.00,1413.00,1413.00,1409.00,1409.00,1407.00,0.75,2.00,4.00,0.00,4.00,1.00
0.00,56145.00,540.00,539.00,537.00,535.00,533.00,532.00,0.25,1.00,0.00,0.00,0.00,0.00
0.00,56365.00,248.00,247.00,246.00,245.00,244.00,243.00,,,0.00,0.00,0.00,
0.00,56420.00,802.00,802.00,802.00,801.00,800.00,799.00,2.25,2.00,2.00,1.00,1.00,1.00
0.00,56475.00,176.00,175.00,174.00,173.00,172.00,171.00,,,,,0.00,0.00
0.00,56860.00,944.00,942.00,943.00,944.00,961.00,969.00,0.50,1.00,3.00,3.00,10.00,10.00
0.00,56970.00,1251.00,1255.00,1259.00,1262.00,1268.00,1275.00,1.86,8.30,7.15,7.07,8.81,10.06
0.00,57025.00,1080.00,1085.00,1092.00,1102.00,1115.00,1128.00,1.42,7.34,9.49,12.71,15.14,15.10
0.00,57245.00,23.00,23.00,23.00,23.00,23.00,23.00,0.00,0.00,0.00,0.00,0.00,0.00
0.00,57300.00,747.00,745.00,744.00,742.00,741.00,739.00,1.25,0.00,1.00,1.00,2.00,0.00
0.00,57400.00,539.00,538.00,538.00,537.00,536.00,535.00,0.50,0.00,1.00,0.00,0.00,0.00
0.00,57630.00,16543.00,16645.00,16826.00,17239.00,17563.00,18202.00,10.75,112.00,192.00,421.00,335.00,654.00
0.00,58235.00,106.00,106.00,106.00,106.00,106.00,106.00,0.00,0.00,0.00,0.00,0.00,0.00
0.00,59005.00,337.00,336.00,335.00,334.00,333.00,332.00,0.00,0.00,0.00,0.00,0.00,0.00
0.00,59830.00,214.00,215.00,215.00,216.00,216.00,216.00,0.00,2.00,1.00,2.00,0.00,0.00
0.00,60160.00,937.00,934.00,934.00,932.00,931.00,930.00,1.50,0.00,2.00,0.00,1.00,1.00
0.00,60600.00,362.00,364.00,366.00,368.00,371.00,374.00,0.82,3.65,2.49,3.36,3.75,3.78
0.00,61315.00,76.00,76.00,76.00,76.00,76.00,76.00,,,,,,
0.00,62000.00,47596.00,47644.00,47620.00,47780.00,47895.00,47902.00,64.62,160.45,80.85,182.27,108.26,107.58
0.00,62660.00,68.00,68.00,68.00,68.00,68.00,68.00,0.00,0.00,0.00,0.00,0.00,0.00
0.00,62880.00,1014.00,1018.00,1022.00,1024.00,1027.00,1028.00,2.00,7.00,6.00,2.00,2.00,3.00
0.00,63045.00,55.00,55.00,55.00,55.00,55.00,55.00,,,,,,
0.00,63265.00,141.00,140.00,140.00,140.00,142.00,143.00,0.50,0.00,0.00,0.00,2.00,1.00
0.00,64090.00,210.00,209.00,209.00,209.00,209.00,210.00,0.25,0.00,0.00,1.00,0.00,1.00
0.00,64200.00,511.00,510.00,509.00,510.00,516.00,525.00,0.00,0.00,0.00,2.00,7.00,10.00
0.00,64255.00,3698.00,3692.00,3684.00,3687.00,3682.00,3681.00,3.00,3.00,0.00,3.00,3.00,6.00
0.00,64970.00,227.00,230.00,230.00,232.00,232.00,231.00,0.25,4.00,1.00,1.00,1.00,0.00
0.00,65190.00,1868.00,1863.00,1858.00,1853.00,1848.00,1843.00,0.00,0.00,0.00,0.00,0.00,0.00
0.00,65740.00,156.00,155.00,154.00,153.00,152.00,152.00,,,,,,
0.00,66895.00,115.00,115.00,115.00,115.00,115.00,115.00,,,,,,
0.00,67005.00,345.00,344.00,343.00,343.00,342.00,341.00,0.00,0.00,0.00,0.00,0.00,0.00
0.00,67280.00,2895.00,2914.00,2925.00,2942.00,2963.00,2985.00,6.57,29.17,19.93,26.86,30.05,30.29
0.00,67830.00,350.00,349.00,348.00,347.00,346.00,345.00,,,,,,
0.00,68105.00,381.00,380.00,379.00,382.00,381.00,380.00,,,,4.00,0.00,0.00
0.00,68655.00,22.00,22.00,22.00,22.00,22.00,22.00,0.00,0.00,0.00,0.00,0.00,0.00
0.00,68930.00,110.00,110.00,110.00,110.00,110.00,110.00,0.00,0.00,0.00,0.00,0.00,0.00
0.00,69040.00,118.00,117.00,117.00,117.00,140.00,142.00,0.00,0.00,0.00,0.00,24.00,2.00
0.00,69150.00,1169.00,1181.00,1186.00,1194.00,1223.00,1276.00,10.00,15.00,7.00,10.00,30.00,56.00
0.00,69645.00,2454.00,2446.00,2441.00,2432.00,2435.00,2430.00,0.50,0.00,2.00,1.00,0.00,1.00
0.00,69700.00,43.00,43.00,43.00,43.00,43.00,43.00,,,,,,
0.00,70195.00,1078.00,1077.00,1081.00,1080.00,1086.00,1090.00,0.50,2.00,7.00,2.00,8.00,6.00
0.00,70250.00,404.00,411.00,410.00,410.00,409.00,409.00,3.00,8.00,0.00,1.00,0.00,1.00
0.00,70360.00,145.00,145.00,145.00,145.00,145.00,145.00,0.00,0.00,0.00,0.00,0.00,0.00
0.00,70525.00,2060.00,2071.00,2083.00,2102.00,2198.00,2222.00,4.75,13.00,14.00,21.00,99.00,26.00
0.00,70580.00,501.00,500.00,498.00,499.00,497.00,495.00,0.25,1.00,0.00,3.00,0.00,0.00
0.00,70635.00,266.00,265.00,264.00,263.00,262.00,261.00,0.00,0.00,0.00,0.00,0.00,0.00
0.00,71755.00,2354.00,2359.00,2366.00,2367.00,2371.00,2377.00,0.00,7.00,9.00,3.00,6.00,8.00
0.00,72395.00,581.00,580.00,579.00,578.00,577.00,576.00,,,,,,
0.00,73330.00,826.00,825.00,825.00,825.00,825.00,823.00,0.25,2.00,2.00,0.00,0.00,0.00
0.00,73715.00,35.00,35.00,35.00,35.00,35.00,35.00,,,,,,
0.00,73825.00,9970.00,9971.00,9984.00,10001.00,10024.00,10094.00,10.70,16.51,26.37,32.15,36.01,82.94
0.00,73935.00,5402.00,5389.00,5377.00,5379.00,5371.00,5365.00,0.25,2.00,2.00,3.00,6.00,7.00
0.00,74485.00,347.00,346.00,345.00,344.00,343.00,342.00,0.00,0.00,0.00,0.00,0.00,0.00
0.00,74815.00,151.00,150.00,150.00,149.00,149.00,149.00,0.00,0.00,0.00,0.00,0.00,0.00
0.00,75640.00,4698.00,4697.00,4696.00,4695.00,4703.00,4718.00,0.00,1.00,1.00,1.00,8.00,17.00
0.00,75970.00,286.00,285.00,284.00,283.00,282.00,281.00,0.00,0.00,0.00,0.00,0.00,0.00
0.00,76795.00,2033.00,2049.00,2050.00,2055.00,2057.00,2075.00,5.50,19.00,4.00,8.00,5.00,21.00
0.00,77290.00,43275.00,43454.00,43646.00,44095.00,44416.00,44733.00,60.00,260.00,260.00,527.00,386.00,376.00
0.00,77510.00,243.00,305.00,441.00,579.00,741.00,910.00,0.00,64.00,139.00,141.00,165.00,172.00
0.00,78610.00,4373.00,4361.00,4353.00,4353.00,4343.00,4334.00,0.75,0.00,4.00,0.00,1.00,2.00
0.00,79270.00,37.00,37.00,37.00,37.00,37.00,37.00,,,,,,
0.00,80040.00,7229.00,7228.00,7224.00,7233.00,7232.00,7355.00,1.25,7.00,4.00,17.00,7.00,132.00
0.00,80865.00,339.00,339.00,339.00,340.00,341.00,340.00,0.24,1.16,1.53,1.05,1.31,0.00
0.00,81030.00,60.00,60.00,60.00,60.00,60.00,60.00,,,,,,
0.00,81690.00,61.00,61.00,61.00,61.00,61.00,61.00,,,,,,
0.00,82130.00,377.00,376.00,375.00,373.00,372.00,371.00,0.25,1.00,0.00,0.00,0.00,0.00
0.00,82350.00,1754.00,1748.00,1743.00,1737.00,1732.00,1727.00,0.00,0.00,0.00,0.00,0.00,0.00
0.00,82460.00,350.00,349.00,348.00,347.00,346.00,345.00,0.00,0.00,0.00,0.00,0.00,0.00
0.00,82735.00,101.00,101.00,101.00,101.00,101.00,102.00,0.00,0.00,0.00,0.00,0.00,1.00
0.00,83230.00,2285.00,2303.00,2314.00,2377.00,2517.00,2704.00,3.25,22.00,15.00,68.00,145.00,193.00
0.00,83450.00,288.00,291.00,294.00,295.00,298.00,297.00,0.50,4.00,4.00,2.00,3.00,0.00
0.00,83835.00,43974.00,43973.00,44022.00,44144.00,44130.00,44120.00,11.00,48.00,96.00,171.96,30.45,34.00
0.00,84440.00,14869.00,14846.00,14908.00,14884.00,14862.00,14886.00,1.00,2.00,88.00,1.00,3.00,49.00
0.00,84770.00,343.00,344.00,343.00,342.00,341.00,340.00,0.00,2.00,0.00,0.00,0.00,0.00
0.00,85045.00,196.00,195.00,194.00,194.00,194.00,194.00,,,,,,
0.00,85155.00,280.00,278.00,279.00,277.00,276.00,276.00,0.00,0.00,2.00,0.00,0.00,1.00
0.00,85485.00,7215.00,7313.00,7420.00,7572.00,7751.00,7936.00,24.25,108.00,116.00,161.00,188.00,194.00
0.00,85705.00,2574.00,2579.00,2588.00,2599.00,2615.00,2643.00,0.88,7.92,12.37,10.88,16.33,30.67
0.00,86090.00,3183.00,3189.00,3199.00,3204.00,3212.00,3294.00,2.28,11.02,14.46,9.90,12.28,87.00
0.00,86310.00,1024.00,1021.00,1021.00,1018.00,1021.00,1021.00,0.00,0.00,3.00,0.00,1.00,3.00
0.00,86475.00,213.00,213.00,213.00,214.00,214.00,215.00,0.23,0.35,0.57,0.69,0.77,1.77
0.00,86750.00,1489.00,1485.00,1481.00,1481.00,1483.00,1480.00,0.00,0.00,0.00,1.00,1.00,0.00
1.00,0.00,163201.00,163602.00,164061.00,164838.00,166237.00,167205.00,130.91,730.05,745.10,992.50,1655.02,1225.71
1.00,3455.00,1151.00,1155.00,1168.00,1179.00,1192.00,1206.00,0.60,4.92,14.22,10.80,14.60,15.45
1.00,4000.00,14133.00,14177.00,14346.00,14369.00,14526.00,14608.00,11.49,82.41,204.00,16.00,189.19,110.64
1.00,6090.00,772.00,770.00,769.00,767.00,766.00,766.00,0.21,0.00,0.00,0.00,0.00,0.86
1.00,8675.00,11274.00,11301.00,11325.00,11366.00,11535.00,11612.00,9.15,49.49,44.51,62.74,200.00,96.07
1.00,16495.00,15479.00,15679.00,15763.00,15939.00,16325.00,16647.00,33.00,240.00,116.00,192.00,384.00,354.00
1.00,26270.00,4875.00,4856.00,4841.00,4866.00,4850.00,4849.00,0.75,5.00,3.00,14.00,0.00,12.00
1.00,45530.00,1.00,1.00,1.00,1.00,1.00,1.00,0.01,0.05,0.02,0.00,0.00,0.02
1.00,54330.00,14250.00,14232.00,14214.00,14196.00,14404.00,14386.00,0.00,0.00,0.00,0.00,228.78,0.00
1.00,77290.00,43275.00,43454.00,43646.00,44095.00,44416.00,44733.00,60.00,260.00,260.00,527.00,386.00,376.00
1.00,83835.00,26727.00,26722.00,26748.00,26804.00,26793.00,26784.00,6.69,29.18,58.35,89.96,19.45,20.67
1.00,99990.00,31264.00,31255.00,31240.00,31256.00,31429.00,31613.00,9.00,59.00,45.00,80.00,233.00,240.00
3.00,0.00,6556.00,6573.00,6608.00,6658.00,6684.00,6721.00,7.50,38.00,53.00,60.00,32.00,52.00
3.00,1090.00,3699.00,3713.00,3745.00,3794.00,3820.00,3856.00,4.50,24.00,41.00,49.00,24.00,44.00
3.00,37380.00,62.00,62.00,62.00,62.00,62.00,62.00,,,0.00,0.00,0.00,0.00
3.00,99990.00,2795.00,2798.00,2801.00,2802.00,2802.00,2803.00,3.00,14.00,12.00,11.00,8.00,8.00
5.00,0.00,238516.00,239386.00,239674.00,241139.00,243735.00,245217.00,278.37,1184.47,570.55,1617.19,2869.98,1765.67
5.00,4000.00,116666.00,117201.00,117528.00,118329.00,119743.00,120524.00,94.97,681.31,459.00,814.13,1561.17,912.98
5.00,6090.00,125.00,125.00,125.00,125.00,125.00,125.00,0.04,0.00,0.00,0.00,0.00,0.14
5.00,8070.00,204.00,204.00,204.00,205.00,207.00,210.00,0.34,0.00,0.68,1.35,2.03,3.38
5.00,12815.00,39320.00,39316.00,39293.00,39627.00,39623.00,39678.00,3.25,34.00,14.00,340.00,33.00,92.00
5.00,13845.00,2153.00,2158.00,2162.00,2164.00,2179.00,2186.00,2.50,8.00,7.00,14.00,17.00,10.00
5.00,16385.00,530.00,530.00,530.00,530.00,529.00,533.00,0.25,1.00,1.00,1.00,0.00,5.00
5.00,19630.00,274.00,273.00,272.00,271.00,273.00,285.00,0.00,0.00,0.00,0.00,3.00,13.00
5.00,24785.00,15472.00,15448.00,15425.00,15397.00,15699.00,15688.00,2.25,7.00,7.00,2.00,311.00,19.00
5.00,28105.00,254.00,255.00,255.00,258.00,259.00,261.00,0.77,1.23,0.51,3.19,1.00,2.00
5.00,30340.00,2722.00,2719.00,2716.00,2713.00,3046.00,3043.00,0.00,0.00,0.00,0.00,341.00,0.00
5.00,33035.00,6303.00,6316.00,6318.00,6320.00,6576.00,6583.00,3.75,19.00,8.00,8.00,265.00,13.00
5.00,45255.00,18679.00,18915.00,18894.00,18876.00,18857.00,19257.00,67.53,269.16,2.87,6.70,4.79,428.17
5.00,69645.00,2454.00,2446.00,2441.00,2432.00,2435.00,2430.00,0.50,0.00,2.00,1.00,0.00,1.00
5.00,99990.00,33360.00,33480.00,33511.00,33892.00,34184.00,34414.00,102.23,163.77,68.49,425.81,331.00,266.00
7.00,0.00,8768.00,8787.00,8809.00,8862.00,8943.00,9006.00,10.50,37.00,36.00,53.00,70.00,75.00
7.00,56860.00,944.00,942.00,943.00,944.00,961.00,969.00,0.50,1.00,3.00,3.00,10.00,10.00
7.00,99990.00,7824.00,7845.00,7866.00,7918.00,7982.00,8037.00,10.00,36.00,33.00,50.00,60.00,65.00
9.00,0.00,2247.00,2242.00,2239.00,2235.00,2232.00,2227.00,0.25,2.00,2.00,0.00,0.00,0.00
9.00,11645.00,75.00,75.00,75.00,75.00,75.00,75.00,,,,,,
9.00,61315.00,76.00,76.00,76.00,76.00,76.00,76.00,,,,,,
9.00,73330.00,826.00,825.00,825.00,825.00,825.00,823.00,0.25,2.00,2.00,0.00,0.00,0.00
9.00,79270.00,37.00,37.00,37.00,37.00,37.00,37.00,,,,,,
9.00,81030.00,60.00,60.00,60.00,60.00,60.00,60.00,,,,,,
9.00,82460.00,350.00,349.00,348.00,347.00,346.00,345.00,0.00,0.00,0.00,0.00,0.00,0.00
9.00,99990.00,823.00,820.00,818.00,815.00,813.00,811.00,,,,,,
11.00,0.00,2241.00,2233.00,2228.00,2220.00,2217.00,2211.00,0.75,0.00,1.00,1.00,0.00,0.00
11.00,43660.00,1213.00,1209.00,1206.00,1202.00,1199.00,1196.00,0.00,0.00,0.00,0.00,0.00,0.00
11.00,99990.00,1028.00,1024.00,1022.00,1018.00,1018.00,1015.00,0.75,0.00,1.00,1.00,0.00,0.00
13.00,0.00,127118.00,127619.00,128137.00,129407.00,130931.00,132241.00,97.48,708.88,708.08,1313.89,1683.73,1496.01
13.00,7850.00,43549.00,43916.00,43960.00,44360.00,45222.00,45757.00,29.75,453.00,115.00,415.00,878.00,608.00
13.00,24950.00,2884.00,2933.00,2978.00,2996.00,3097.00,3219.00,11.23,51.91,47.12,19.00,103.83,125.18
13.00,39195.00,141.00,141.00,141.00,141.00,131.00,131.00,0.06,0.25,0.52,0.36,0.34,0.30
13.00,41835.00,10016.00,10034.00,10267.00,10628.00,10759.00,10953.00,27.25,35.00,252.00,366.00,141.00,209.00
13.00,45970.00,35013.00,35069.00,35133.00,35411.00,35597.00,35957.00,14.75,109.97,113.96,276.89,244.90,410.84
13.00,46355.00,7902.00,7907.00,7995.00,8161.00,8395.00,8450.00,4.25,13.00,98.00,177.00,245.00,63.00
13.00,47070.00,906.00,910.00,910.00,911.00,913.00,923.00,0.75,6.00,2.00,3.00,4.00,12.00
13.00,53175.00,751.00,751.00,750.00,751.00,758.00,761.00,0.32,1.32,0.00,1.00,8.00,4.00
13.00,75640.00,4698.00,4697.00,4696.00,4695.00,4703.00,4718.00,0.00,1.00,1.00,1.00,8.00,17.00
13.00,82735.00,101.00,101.00,101.00,101.00,101.00,102.00,0.00,0.00,0.00,0.00,0.00,1.00
13.00,99990.00,21157.00,21160.00,21206.00,21252.00,21255.00,21270.00,9.12,37.43,78.48,54.64,50.66,45.70
14.00,0.00,22668.00,22861.00,23057.00,25039.00,25896.00,26680.00,40.00,232.00,229.00,2010.00,896.00,820.00
14.00,9280.00,22668.00,22861.00,23057.00,25039.00,25896.00,26680.00,40.00,232.00,229.00,2010.00,896.00,820.00
15.00,0.00,10035.00,10103.00,10146.00,10239.00,10319.00,10401.00,22.75,101.00,69.00,102.21,104.00,105.00
15.00,10105.00,1380.00,1390.00,1396.00,1415.00,1428.00,1440.00,3.13,13.89,9.49,22.00,14.30,14.44
15.00,60600.00,362.00,364.00,366.00,368.00,371.00,374.00,0.82,3.65,2.49,3.36,3.75,3.78
15.00,67280.00,2895.00,2914.00,2925.00,2942.00,2963.00,2985.00,6.57,29.17,19.93,26.86,30.05,30.29
15.00,99990.00,5398.00,5435.00,5459.00,5514.00,5557.00,5602.00,12.23,54.29,37.09,49.99,55.90,56.48
17.00,0.00,975.00,972.00,970.00,971.00,970.00,971.00,0.00,1.00,0.00,4.00,1.00,3.00
17.00,14175.00,429.00,428.00,427.00,427.00,426.00,426.00,0.00,1.00,0.00,1.00,0.00,1.00
17.00,41010.00,146.00,145.00,145.00,144.00,144.00,144.00,,,,,0.00,0.00
17.00,99990.00,400.00,399.00,398.00,400.00,400.00,401.00,,,,3.00,1.00,2.00
19.00,0.00,5677.00,5677.00,5681.00,5676.00,5683.00,5683.00,2.00,13.00,16.00,6.00,11.00,11.00
19.00,12910.00,0.00,0.00,0.00,0.00,0.00,0.00,0.00,0.00,0.00,0.00,0.00,0.00
19.00,24620.00,197.00,197.00,197.00,196.00,196.00,196.00,0.09,0.60,0.81,0.30,0.56,0.56
19.00,29735.00,758.00,757.00,755.00,755.00,753.00,751.00,0.25,1.00,0.00,0.00,0.00,0.00
19.00,38370.00,930.00,927.00,924.00,921.00,918.00,915.00,0.00,0.00,0.00,0.00,0.00,0.00
19.00,70360.00,145.00,145.00,145.00,145.00,145.00,145.00,0.00,0.00,0.00,0.00,0.00,0.00
19.00,99990.00,3647.00,3651.00,3660.00,3659.00,3671.00,3676.00,1.66,11.40,15.19,5.70,10.44,10.44
21.00,0.00,4288.00,4290.00,4291.00,4290.00,4293.00,4296.00,4.25,17.00,13.00,13.00,15.00,13.00
21.00,2355.00,407.00,406.00,405.00,404.00,403.00,402.00,,,0.00,0.00,0.00,0.00
21.00,42055.00,357.00,356.00,355.00,354.00,354.00,353.00,0.00,0.00,0.00,0.00,1.00,0.00
21.00,48060.00,425.00,423.00,422.00,420.00,419.00,418.00,,,,,,
21.00,65740.00,156.00,155.00,154.00,153.00,152.00,152.00,,,,,,
21.00,67830.00,350.00,349.00,348.00,347.00,346.00,345.00,,,,,,
21.00,99990.00,2593.00,2601.00,2607.00,2612.00,2619.00,2626.00,4.25,17.00,13.00,13.00,14.00,13.00
23.00,0.00,2619.00,2634.00,2648.00,2666.00,2686.00,2710.00,8.50,24.00,22.00,26.00,27.00,30.00
23.00,7190.00,167.00,166.00,165.00,164.00,163.00,163.00,,,,,0.00,0.00
23.00,68105.00,381.00,380.00,379.00,382.00,381.00,380.00,,,,4.00,0.00,0.00
23.00,99990.00,2071.00,2088.00,2104.00,2120.00,2142.00,2167.00,8.50,24.00,22.00,22.00,27.00,30.00
25.00,0.00,1558.00,1555.00,1552.00,1549.00,1547.00,1551.00,0.25,4.00,2.00,0.00,3.00,7.00
25.00,18750.00,88.00,88.00,88.00,88.00,88.00,88.00,0.00,0.00,0.00,0.00,0.00,0.00
25.00,55705.00,161.00,160.00,159.00,158.00,157.00,157.00,0.00,0.00,0.00,0.00,0.00,0.00
25.00,56145.00,540.00,539.00,537.00,535.00,533.00,532.00,0.25,1.00,0.00,0.00,0.00,0.00
25.00,74815.00,151.00,150.00,150.00,149.00,149.00,149.00,0.00,0.00,0.00,0.00,0.00,0.00
25.00,99990.00,618.00,618.00,618.00,619.00,620.00,625.00,0.00,3.00,2.00,0.00,3.00,7.00
27.00,0.00,3968.00,4025.00,4082.00,4127.00,4167.00,4202.00,15.00,67.00,66.00,54.00,47.00,43.00
27.00,70250.00,404.00,411.00,410.00,410.00,409.00,409.00,3.00,8.00,0.00,1.00,0.00,1.00
27.00,83450.00,288.00,291.00,294.00,295.00,298.00,297.00,0.50,4.00,4.00,2.00,3.00,0.00
27.00,99990.00,3276.00,3323.00,3378.00,3422.00,3460.00,3496.00,11.50,55.00,62.00,51.00,44.00,42.00
29.00,0.00,14564.00,14527.00,14537.00,14514.00,14485.00,14497.00,3.25,10.00,50.00,10.00,11.00,47.00
29.00,12635.00,1180.00,1177.00,1174.00,1177.00,1175.00,1177.00,0.50,1.00,0.00,2.00,1.00,5.00
29.00,17925.00,211.00,210.00,209.00,208.00,207.00,206.00,0.00,0.00,0.00,0.00,0.00,0.00
29.00,19850.00,3810.00,3806.00,3840.00,3843.00,3837.00,3869.00,0.75,7.00,45.00,7.00,4.00,41.00
29.00,37545.00,471.00,469.00,468.00,466.00,465.00,464.00,,,0.00,0.00,0.00,0.00
29.00,55980.00,1416.00,1413.00,1413.00,1409.00,1409.00,1407.00,0.75,2.00,4.00,0.00,4.00,1.00
29.00,57300.00,747.00,745.00,744.00,742.00,741.00,739.00,1.25,0.00,1.00,1.00,2.00,0.00
29.00,99990.00,6729.00,6707.00,6689.00,6669.00,6651.00,6635.00,,,,,,
31.00,0.00,285720.00,286336.00,288390.00,293506.00,298727.00,304037.00,222.00,1232.00,2685.00,5578.00,5870.00,5958.00
31.00,20000.00,285720.00,286336.00,288390.00,293506.00,298727.00,304037.00,222.00,1232.00,2685.00,5578.00,5870.00,5958.00
33.00,0.00,1467.00,1461.00,1457.00,1453.00,1450.00,1448.00,0.25,0.00,0.00,1.00,0.00,1.00
33.00,21265.00,360.00,358.00,357.00,356.00,355.00,354.00,,,,,,
33.00,64090.00,210.00,209.00,209.00,209.00,209.00,210.00,0.25,0.00,0.00,1.00,0.00,1.00
33.00,99990.00,897.00,894.00,891.00,888.00,886.00,884.00,,,,,,
35.00,0.00,107049.00,107878.00,109109.00,111378.00,113767.00,116898.00,212.85,915.53,1316.00,2326.01,2434.65,3230.77
35.00,4000.00,48.00,48.00,69.00,95.00,96.00,96.00,0.04,0.28,21.00,26.00,0.64,0.38
35.00,12387.00,3637.00,3642.00,3653.00,3658.00,3658.00,3658.00,0.00,7.00,13.00,7.00,1.00,1.00
35.00,12415.00,17696.00,18048.00,18350.00,18868.00,19686.00,20484.00,65.25,376.00,321.00,540.00,828.00,821.00
35.00,43550.00,91.00,91.00,92.00,93.00,94.00,96.00,0.10,0.50,0.95,1.10,1.69,2.37
35.00,45255.00,17.00,17.00,17.00,17.00,17.00,17.00,0.06,0.25,0.00,0.01,0.00,0.39
35.00,45955.00,4804.00,4861.00,4957.00,5501.00,5577.00,5658.00,68.25,60.00,100.00,555.00,79.00,84.00
35.00,57630.00,16543.00,16645.00,16826.00,17239.00,17563.00,18202.00,10.75,112.00,192.00,421.00,335.00,654.00
35.00,99990.00,64213.00,64526.00,65145.00,65907.00,67076.00,68687.00,68.40,359.50,668.05,775.90,1189.31,1667.63
37.00,0.00,31316.00,31327.00,31354.00,31426.00,31528.00,31743.00,19.16,60.73,71.73,93.92,122.08,252.77
37.00,4110.00,3580.00,3583.00,3587.00,3591.00,3598.00,3602.00,0.50,7.00,8.00,4.00,10.00,7.00
37.00,4935.00,1397.00,1395.00,1393.00,1393.00,1407.00,1414.00,0.91,0.73,0.73,2.92,16.08,8.77
37.00,22200.00,2416.00,2416.00,2416.00,2413.00,2423.00,2443.00,1.25,4.00,4.00,1.00,14.00,23.00
37.00,33695.00,2217.00,2224.00,2240.00,2278.00,2306.00,2330.00,6.75,12.00,21.00,43.00,32.00,28.00
37.00,50920.00,530.00,532.00,532.00,531.00,530.00,530.00,1.75,4.00,2.00,1.00,1.00,1.00
37.00,63265.00,141.00,140.00,140.00,140.00,142.00,143.00,0.50,0.00,0.00,0.00,2.00,1.00
37.00,80040.00,7229.00,7228.00,7224.00,7233.00,7232.00,7355.00,1.25,7.00,4.00,17.00,7.00,132.00
37.00,99990.00,13806.00,13809.00,13822.00,13847.00,13890.00,13926.00,6.25,26.00,32.00,25.00,40.00,52.00
39.00,0.00,8946.00,8965.00,8983.00,9016.00,9084.00,9187.00,9.75,33.00,30.00,45.00,79.00,116.00
39.00,23740.00,531.00,530.00,529.00,529.00,529.00,529.00,0.00,0.00,0.00,1.00,1.00,1.00
39.00,40790.00,322.00,321.00,320.00,320.00,321.00,320.00,0.25,0.00,0.00,0.00,0.00,0.00
39.00,70635.00,266.00,265.00,264.00,263.00,262.00,261.00,0.00,0.00,0.00,0.00,0.00,0.00
39.00,99990.00,7827.00,7849.00,7870.00,7904.00,7972.00,8077.00,9.50,33.00,30.00,44.00,78.00,115.00
41.00,0.00,253071.00,254342.00,256149.00,258742.00,262140.00,265284.00,333.21,1717.78,2219.71,2973.61,3541.00,3533.00
41.00,11260.00,348.00,348.00,347.00,346.00,345.00,344.00,0.00,1.00,0.00,0.00,0.00,0.00
41.00,16000.00,179825.00,180750.00,182049.00,183807.00,186309.00,188553.00,237.07,1221.48,1579.33,2115.73,2519.44,2514.51
41.00,27865.00,9397.00,9442.00,9508.00,9601.00,9717.00,9834.00,12.37,63.73,82.56,110.60,131.70,131.41
41.00,32650.00,557.00,559.00,562.00,567.00,573.00,579.00,0.74,3.79,4.90,6.56,7.81,7.80
41.00,48445.00,2798.00,2810.00,2827.00,2853.00,2887.00,2919.00,3.69,19.02,24.59,32.94,39.22,39.13
41.00,51800.00,2042.00,2050.00,2063.00,2081.00,2106.00,2131.00,2.49,12.81,16.57,22.19,28.63,28.57
41.00,57025.00,1080.00,1085.00,1092.00,1102.00,1115.00,1128.00,1.42,7.34,9.49,12.71,15.14,15.10
41.00,62660.00,68.00,68.00,68.00,68.00,68.00,68.00,0.00,0.00,0.00,0.00,0.00,0.00
41.00,99990.00,56956.00,57230.00,57633.00,58317.00,59020.00,59728.00,75.43,388.61,502.28,672.88,799.06,796.49
43.00,0.00,19238.00,19228.00,19223.00,19219.00,19223.00,19235.00,11.50,53.00,46.00,52.00,53.00,55.00
43.00,9115.00,100.00,101.00,102.00,103.00,104.00,105.00,0.25,1.00,1.00,1.00,1.00,1.00
43.00,11810.00,7295.00,7284.00,7274.00,7259.00,7249.00,7244.00,3.00,9.00,8.00,4.00,7.00,11.00
43.00,15330.00,160.00,159.00,159.00,158.00,158.00,158.00,0.00,0.00,0.00,0.00,0.00,0.00
43.00,27040.00,1749.00,1744.00,1740.00,1736.00,1733.00,1731.00,0.25,1.00,1.00,1.00,2.00,2.00
43.00,64970.00,227.00,230.00,230.00,232.00,232.00,231.00,0.25,4.00,1.00,1.00,1.00,0.00
43.00,85155.00,280.00,278.00,279.00,277.00,276.00,276.00,0.00,0.00,2.00,0.00,0.00,1.00
43.00,99990.00,9427.00,9432.00,9439.00,9454.00,9471.00,9490.00,7.75,38.00,33.00,45.00,42.00,40.00
45.00,0.00,23313.00,23292.00,23275.00,23332.00,23361.00,23402.00,19.50,37.00,33.00,96.00,76.00,83.00
45.00,12045.00,2467.00,2466.00,2463.00,2472.00,2482.00,2499.00,0.25,3.00,1.00,8.00,14.00,20.00
45.00,30780.00,4112.00,4103.00,4096.00,4147.00,4140.00,4132.00,1.50,0.00,1.00,61.00,1.00,0.00
45.00,53395.00,1717.00,1714.00,1711.00,1711.00,1722.00,1731.00,0.50,1.00,0.00,0.00,14.00,12.00
45.00,57400.00,539.00,538.00,538.00,537.00,536.00,535.00,0.50,0.00,1.00,0.00,0.00,0.00
45.00,64255.00,3698.00,3692.00,3684.00,3687.00,3682.00,3681.00,3.00,3.00,0.00,3.00,3.00,6.00
45.00,70195.00,1078.00,1077.00,1081.00,1080.00,1086.00,1090.00,0.50,2.00,7.00,2.00,8.00,6.00
45.00,99990.00,9702.00,9702.00,9702.00,9698.00,9713.00,9734.00,13.25,28.00,23.00,22.00,36.00,39.00
47.00,0.00,3563.00,3561.00,3571.00,3573.00,3581.00,3589.00,4.00,4.00,16.00,8.00,14.00,13.00
47.00,7025.00,69.00,69.00,69.00,69.00,69.00,69.00,0.00,0.00,0.00,0.00,0.00,0.00
47.00,12910.00,489.00,488.00,491.00,490.00,497.00,500.00,2.00,0.00,4.00,0.00,8.00,4.00
47.00,99990.00,3005.00,3004.00,3011.00,3014.00,3015.00,3020.00,2.00,4.00,12.00,8.00,6.00,9.00
49.00,0.00,16087.00,16212.00,16337.00,16519.00,16724.00,16835.00,35.00,159.00,155.00,182.00,230.77,137.00
49.00,28305.00,1095.00,1097.00,1101.00,1104.00,1109.00,1120.00,0.37,3.37,5.26,4.63,6.95,13.05
49.00,31605.00,1537.00,1538.00,1542.00,1572.00,1579.00,1594.00,4.17,4.71,7.37,6.49,9.73,18.28
49.00,31715.00,920.00,930.00,939.00,951.00,967.00,972.00,2.50,12.09,10.99,13.53,17.50,6.34
49.00,37600.00,310.00,313.00,316.00,320.00,325.00,326.00,0.84,4.07,3.70,4.55,5.89,2.13
49.00,41560.00,695.00,702.00,708.00,716.00,718.00,721.00,1.89,9.14,8.31,10.23,4.00,4.79
49.00,85705.00,2574.00,2579.00,2588.00,2599.00,2615.00,2643.00,0.88,7.92,12.37,10.88,16.33,30.67
49.00,99990.00,8956.00,9053.00,9143.00,9257.00,9411.00,9459.00,24.35,117.71,107.00,131.69,170.38,61.73
51.00,0.00,11427.00,11477.00,11506.00,11530.00,11574.00,11613.00,21.75,73.00,50.00,47.00,63.00,58.00
51.00,18310.00,1069.00,1074.00,1082.00,1092.00,1099.00,1104.00,0.50,7.00,10.00,12.00,9.00,7.00
51.00,33640.00,2639.00,2645.00,2641.00,2637.00,2643.00,2644.00,9.50,13.00,2.00,3.00,12.00,7.00
51.00,48555.00,104.00,104.00,104.00,104.00,104.00,104.00,0.00,0.00,0.00,0.00,0.00,0.00
51.00,52570.00,1510.00,1509.00,1509.00,1510.00,1512.00,1517.00,0.25,0.00,2.00,3.00,3.00,7.00
51.00,59830.00,214.00,215.00,215.00,216.00,216.00,216.00,0.00,2.00,1.00,2.00,0.00,0.00
51.00,99990.00,5891.00,5930.00,5955.00,5971.00,6000.00,6028.00,11.50,51.00,35.00,27.00,39.00,37.00
53.00,0.00,1390.00,1399.00,1406.00,1409.00,1413.00,1417.00,2.25,11.00,9.00,4.00,6.00,6.00
53.00,42330.00,448.00,451.00,453.00,454.00,455.00,456.00,0.72,3.54,2.90,1.29,1.93,1.93
53.00,99990.00,942.00,948.00,953.00,955.00,958.00,961.00,1.53,7.46,6.10,2.71,4.07,4.07
55.00,0.00,5080.00,5093.00,5109.00,5126.00,5128.00,5130.00,8.75,30.00,30.00,24.00,15.00,14.00
55.00,44100.00,566.00,564.00,562.00,560.00,560.00,559.00,0.75,0.00,0.00,0.00,2.00,0.00
55.00,82350.00,1754.00,1748.00,1743.00,1737.00,1732.00,1727.00,0.00,0.00,0.00,0.00,0.00,0.00
55.00,99990.00,2760.00,2781.00,2804.00,2829.00,2836.00,2844.00,8.00,30.00,30.00,24.00,13.00,14.00
57.00,0.00,1287.00,1289.00,1288.00,1286.00,1290.00,1287.00,1.75,7.00,2.00,0.00,5.00,0.00
57.00,82130.00,377.00,376.00,375.00,373.00,372.00,371.00,0.25,1.00,0.00,0.00,0.00,0.00
57.00,99990.00,910.00,913.00,913.00,913.00,918.00,916.00,1.50,6.00,2.00,0.00,5.00,0.00
59.00,0.00,230117.00,230410.00,231086.00,231911.00,233392.00,235615.00,101.53,602.50,981.88,1082.14,1712.58,2536.94
59.00,3455.00,43320.00,43446.00,43916.00,44312.00,44801.00,45322.00,22.65,185.08,534.78,406.20,549.40,581.55
59.00,8070.00,98.00,98.00,98.00,98.00,99.00,100.00,0.16,0.00,0.32,0.65,0.97,1.62
59.00,23135.00,2434.00,2430.00,2426.00,2422.00,2425.00,2422.00,0.00,1.00,1.00,1.00,5.00,2.00
59.00,30835.00,7782.00,7797.00,7844.00,7830.00,7922.00,8033.00,19.50,33.00,63.00,2.00,108.00,126.00
59.00,42495.00,10.00,10.00,10.00,10.00,10.00,10.00,,,,,0.00,0.00
59.00,43000.00,65755.00,65862.00,65890.00,66124.00,66900.00,67995.00,14.75,200.00,116.00,325.00,800.00,1195.00
59.00,45255.00,805.00,816.00,816.00,816.00,816.00,834.00,2.91,11.60,0.12,0.29,0.21,18.44
59.00,52075.00,140.00,140.00,140.00,140.00,140.00,141.00,0.00,0.00,0.00,0.00,0.00,1.00
59.00,52350.00,278.00,277.00,276.00,277.00,278.00,280.00,0.00,0.00,0.00,2.00,2.00,3.00
59.00,75640.00,0.00,0.00,0.00,0.00,0.00,0.00,0.00,0.00,0.00,0.00,0.00,0.00
59.00,83835.00,17247.00,17251.00,17274.00,17340.00,17337.00,17336.00,4.31,18.82,37.65,82.00,11.00,13.33
59.00,84440.00,14869.00,14846.00,14908.00,14884.00,14862.00,14886.00,1.00,2.00,88.00,1.00,3.00,49.00
59.00,99990.00,77379.00,77437.00,77488.00,77658.00,77802.00,78256.00,36.25,151.00,141.00,262.00,233.00,546.00
61.00,0.00,806.00,809.00,808.00,809.00,811.00,809.00,1.25,6.00,1.00,2.00,4.00,0.00
61.00,22145.00,352.00,351.00,350.00,349.00,348.00,347.00,0.00,0.00,0.00,0.00,0.00,0.00
61.00,34740.00,41.00,41.00,41.00,41.00,41.00,41.00,,,,,,
61.00,69700.00,43.00,43.00,43.00,43.00,43.00,43.00,,,,,,
61.00,99990.00,370.00,374.00,374.00,376.00,379.00,378.00,1.25,6.00,1.00,2.00,4.00,0.00
63.00,0.00,3525.00,3516.00,3508.00,3499.00,3514.00,3508.00,0.25,2.00,0.00,0.00,24.00,2.00
63.00,6530.00,84.00,84.00,84.00,84.00,84.00,84.00,0.00,0.00,0.00,0.00,0.00,0.00
63.00,10600.00,1477.00,1475.00,1472.00,1468.00,1465.00,1462.00,0.25,2.00,0.00,0.00,0.00,0.00
63.00,26765.00,328.00,327.00,326.00,325.00,324.00,323.00,0.00,0.00,0.00,0.00,0.00,0.00
63.00,69040.00,118.00,117.00,117.00,117.00,140.00,142.00,0.00,0.00,0.00,0.00,24.00,2.00
63.00,74485.00,347.00,346.00,345.00,344.00,343.00,342.00,0.00,0.00,0.00,0.00,0.00,0.00
63.00,81690.00,61.00,61.00,61.00,61.00,61.00,61.00,,,,,,
63.00,99990.00,1110.00,1106.00,1103.00,1100.00,1097.00,1094.00,,,,,,
65.00,0.00,4268.00,4273.00,4278.00,4285.00,4273.00,4262.00,0.00,19.00,17.00,20.00,0.00,0.00
65.00,44320.00,1673.00,1668.00,1667.00,1662.00,1657.00,1652.00,0.00,0.00,4.00,0.00,0.00,0.00
65.00,99990.00,2595.00,2605.00,2611.00,2623.00,2616.00,2610.00,0.00,19.00,13.00,20.00,0.00,0.00
67.00,0.00,25899.00,26049.00,26144.00,26252.00,26473.00,26701.00,58.25,222.00,154.00,172.00,275.00,278.00
67.00,5265.00,975.00,985.00,999.00,1010.00,1024.00,1035.00,10.25,13.00,17.00,14.00,14.00,13.00
67.00,22035.00,7860.00,7896.00,7919.00,7948.00,8031.00,8153.00,7.50,54.00,39.00,46.00,100.00,138.00
67.00,38535.00,309.00,309.00,308.00,307.00,309.00,308.00,0.75,1.00,0.00,0.00,3.00,0.00
67.00,99990.00,16755.00,16859.00,16918.00,16987.00,17109.00,17205.00,39.75,154.00,98.00,112.00,158.00,127.00
69.00,0.00,132784.00,133722.00,134734.00,136300.00,138525.00,140892.00,120.17,1187.31,1232.40,1928.90,2447.75,2582.49
69.00,6255.00,2077.00,2083.00,2096.00,2132.00,2276.00,2339.00,2.97,10.89,16.84,40.61,149.56,67.35
69.00,25115.00,4111.00,4116.00,4131.00,4156.00,4175.00,4191.00,5.50,11.00,21.00,31.00,25.00,22.00
69.00,27425.00,60690.00,60848.00,61471.00,62518.00,63816.00,64880.00,58.25,246.00,714.00,1144.00,1391.00,1152.00
69.00,39855.00,274.00,283.00,296.00,319.00,347.00,386.00,1.86,9.49,13.78,24.11,28.78,40.34
69.00,46465.00,28555.00,29211.00,29360.00,29672.00,29986.00,30710.00,18.25,720.00,193.00,317.00,358.00,772.00
69.00,77510.00,243.00,305.00,441.00,579.00,741.00,910.00,0.00,64.00,139.00,141.00,165.00,172.00
69.00,83230.00,2285.00,2303.00,2314.00,2377.00,2517.00,2704.00,3.25,22.00,15.00,68.00,145.00,193.00
69.00,85485.00,1666.00,1690.00,1716.00,1752.00,1794.00,1838.00,5.60,24.92,26.78,37.17,43.41,44.79
69.00,99990.00,32883.00,32883.00,32909.00,32795.00,32873.00,32934.00,24.50,79.00,93.00,126.00,142.00,119.00
71.00,0.00,8215.00,8209.00,8207.00,8229.00,8244.00,8228.00,4.50,20.00,22.00,35.00,37.00,5.00
71.00,760.00,290.00,289.00,288.00,287.00,286.00,285.00,0.00,0.00,0.00,0.00,0.00,0.00
71.00,8345.00,45.00,45.00,45.00,45.00,45.00,45.00,,,,,,
71.00,15550.00,94.00,94.00,94.00,95.00,96.00,96.00,0.00,0.00,0.49,0.96,0.99,0.08
71.00,40570.00,47.00,47.00,47.00,47.00,47.00,47.00,,,,,,
71.00,73715.00,35.00,35.00,35.00,35.00,35.00,35.00,,,,,,
71.00,78610.00,4373.00,4361.00,4353.00,4353.00,4343.00,4334.00,0.75,0.00,4.00,0.00,1.00,2.00
71.00,99990.00,3331.00,3338.00,3345.00,3367.00,3392.00,3386.00,3.75,20.00,17.51,34.04,35.01,2.92
73.00,0.00,2421.00,2415.00,2412.00,2419.00,2427.00,2424.00,1.75,1.00,4.00,9.00,7.00,2.00
73.00,3235.00,129.00,129.00,129.00,129.00,129.00,129.00,,,,,,
73.00,29680.00,84.00,84.00,84.00,84.00,84.00,84.00,,,,,,
73.00,37875.00,410.00,409.00,408.00,409.00,408.00,407.00,0.00,0.00,0.00,1.00,0.00,0.00
73.00,44980.00,964.00,962.00,959.00,957.00,960.00,958.00,1.00,1.00,0.00,1.00,2.00,0.00
73.00,99990.00,834.00,831.00,832.00,840.00,846.00,846.00,0.75,0.00,4.00,7.00,5.00,2.00
75.00,0.00,8978.00,8966.00,8955.00,8954.00,8952.00,8951.00,3.75,15.00,13.00,10.00,21.00,20.00
75.00,18640.00,76.00,76.00,76.00,76.00,76.00,76.00,0.00,0.00,0.00,0.00,0.00,0.00
75.00,26875.00,204.00,203.00,202.00,202.00,201.00,202.00,0.00,0.00,0.00,1.00,0.00,2.00
75.00,38590.00,128.00,127.00,126.00,125.00,125.00,125.00,0.00,0.00,0.00,0.00,1.00,0.00
75.00,50040.00,120.00,120.00,120.00,120.00,120.00,120.00,0.00,1.00,0.00,0.00,0.00,0.00
75.00,58235.00,106.00,106.00,106.00,106.00,106.00,106.00,0.00,0.00,0.00,0.00,0.00,0.00
75.00,73935.00,5402.00,5389.00,5377.00,5379.00,5371.00,5365.00,0.25,2.00,2.00,3.00,6.00,7.00
75.00,99990.00,2942.00,2945.00,2948.00,2946.00,2953.00,2957.00,3.50,12.00,11.00,6.00,14.00,11.00
77.00,0.00,62696.00,62952.00,63182.00,63413.00,63778.00,64168.00,91.25,408.00,359.00,355.00,442.00,504.00
77.00,15605.00,220.00,221.00,222.00,223.00,224.00,225.00,0.32,1.44,1.26,1.25,1.55,1.77
77.00,19355.00,219.00,219.00,219.00,219.00,220.00,221.00,0.32,1.45,1.27,1.24,1.55,1.76
77.00,28745.00,5086.00,5106.00,5124.00,5155.00,5181.00,5213.00,7.38,33.01,29.07,28.78,35.86,40.89
77.00,31660.00,26343.00,26456.00,26556.00,26652.00,26833.00,26997.00,38.12,170.44,151.07,149.18,185.74,211.76
77.00,56970.00,1251.00,1255.00,1259.00,1262.00,1268.00,1275.00,1.86,8.30,7.15,7.07,8.81,10.06
77.00,99990.00,29577.00,29695.00,29802.00,29902.00,30052.00,30237.00,43.25,193.36,169.18,167.49,208.50,237.77
79.00,0.00,1202.00,1204.00,1210.00,1216.00,1225.00,1229.00,1.75,5.00,9.00,8.00,11.00,6.00
79.00,14765.00,270.00,269.00,268.00,271.00,272.00,274.00,0.25,0.00,0.00,4.00,2.00,3.00
79.00,99990.00,932.00,935.00,942.00,945.00,953.00,955.00,1.50,5.00,9.00,4.00,9.00,3.00
81.00,0.00,6197.00,6184.00,6177.00,6169.00,6162.00,6157.00,5.25,7.00,10.00,11.00,9.00,9.00
81.00,17760.00,4081.00,4072.00,4065.00,4056.00,4047.00,4040.00,1.50,2.00,3.00,2.00,0.00,1.00
81.00,20495.00,175.00,174.00,173.00,172.00,171.00,170.00,0.00,0.00,0.00,0.00,0.00,0.00
81.00,99990.00,1941.00,1938.00,1939.00,1941.00,1944.00,1947.00,3.75,5.00,7.00,9.00,9.00,8.00
83.00,0.00,12087.00,12058.00,12033.00,12006.00,11981.00,11967.00,4.00,14.00,9.00,12.00,7.00,15.00
83.00,17375.00,3885.00,3884.00,3880.00,3876.00,3868.00,3865.00,3.00,11.00,6.00,7.00,1.00,6.00
83.00,20770.00,500.00,498.00,497.00,497.00,497.00,498.00,0.25,0.00,0.00,1.00,1.00,2.00
83.00,48115.00,609.00,610.00,611.00,613.00,616.00,621.00,0.75,3.00,3.00,4.00,5.00,7.00
83.00,99990.00,7093.00,7066.00,7045.00,7020.00,7000.00,6983.00,,,,,,
85.00,0.00,18264.00,18265.00,18266.00,18293.00,18337.00,18384.00,29.50,62.00,51.00,51.00,72.00,89.00
85.00,51745.00,8628.00,8638.00,8641.00,8667.00,8696.00,8721.00,19.50,32.00,22.00,19.00,30.00,42.00
85.00,53120.00,316.00,314.00,313.00,312.00,311.00,310.00,0.00,0.00,0.00,0.00,0.00,0.00
85.00,54935.00,367.00,365.00,364.00,364.00,369.00,368.00,,,0.00,0.00,4.00,0.00
85.00,55540.00,633.00,631.00,629.00,629.00,627.00,625.00,0.00,0.00,0.00,0.00,0.00,0.00
85.00,99990.00,8320.00,8317.00,8319.00,8321.00,8334.00,8360.00,10.00,30.00,29.00,32.00,38.00,47.00
87.00,0.00,11486.00,11472.00,11452.00,11457.00,11474.00,11468.00,4.75,22.00,10.00,18.00,16.00,21.00
87.00,9555.00,2299.00,2294.00,2289.00,2284.00,2279.00,2274.00,0.00,0.00,0.00,0.00,0.00,0.00
87.00,27810.00,4292.00,4281.00,4273.00,4262.00,4253.00,4246.00,1.00,0.00,2.00,0.00,1.00,2.00
87.00,36610.00,118.00,117.00,117.00,116.00,116.00,116.00,0.00,0.00,0.00,0.00,0.00,0.00
87.00,45695.00,342.00,340.00,339.00,339.00,340.00,339.00,0.00,0.00,0.00,0.00,0.00,0.00
87.00,84770.00,343.00,344.00,343.00,342.00,341.00,340.00,0.00,2.00,0.00,0.00,0.00,0.00
87.00,99990.00,4092.00,4096.00,4091.00,4114.00,4145.00,4153.00,3.75,20.00,8.00,18.00,15.00,19.00
89.00,0.00,8965.00,8942.00,8920.00,8899.00,8881.00,8859.00,0.75,3.00,3.00,4.00,6.00,2.00
89.00,13460.00,115.00,115.00,115.00,115.00,115.00,115.00,,,,,,
89.00,27975.00,597.00,595.00,593.00,591.00,589.00,587.00,0.00,0.00,0.00,0.00,0.00,0.00
89.00,42110.00,3420.00,3412.00,3403.00,3394.00,3387.00,3380.00,0.00,1.00,0.00,0.00,2.00,1.00
89.00,48500.00,198.00,197.00,196.00,196.00,196.00,195.00,0.00,0.00,0.00,0.00,0.00,0.00
89.00,65190.00,1868.00,1863.00,1858.00,1853.00,1848.00,1843.00,0.00,0.00,0.00,0.00,0.00,0.00
89.00,75970.00,286.00,285.00,284.00,283.00,282.00,281.00,0.00,0.00,0.00,0.00,0.00,0.00
89.00,99990.00,2481.00,2475.00,2471.00,2467.00,2464.00,2458.00,0.75,2.00,3.00,4.00,4.00,1.00
91.00,0.00,3086.00,3099.00,3112.00,3128.00,3151.00,3178.00,5.25,20.00,19.00,23.00,29.00,33.00
91.00,56420.00,802.00,802.00,802.00,801.00,800.00,799.00,2.25,2.00,2.00,1.00,1.00,1.00
91.00,64200.00,511.00,510.00,509.00,510.00,516.00,525.00,0.00,0.00,0.00,2.00,7.00,10.00
91.00,99990.00,1773.00,1787.00,1801.00,1817.00,1835.00,1854.00,3.00,18.00,17.00,20.00,21.00,22.00
93.00,0.00,13965.00,14035.00,14086.00,14134.00,14170.00,14239.00,26.50,95.00,73.00,71.00,56.00,88.00
93.00,1530.00,189.00,191.00,192.00,193.00,194.00,194.00,0.00,2.00,1.00,1.00,1.00,0.00
93.00,25610.00,397.00,399.00,400.00,401.00,400.00,399.00,0.76,2.68,2.07,2.02,0.00,0.00
93.00,99990.00,13379.00,13445.00,13494.00,13540.00,13576.00,13646.00,25.74,90.32,69.93,67.98,55.00,88.00
95.00,0.00,2087.00,2083.00,2079.00,2088.00,2088.00,2093.00,1.75,3.00,2.00,14.00,6.00,9.00
95.00,34960.00,498.00,498.00,498.00,499.00,500.00,502.00,0.25,2.00,1.00,1.00,2.00,3.00
95.00,37270.00,1031.00,1028.00,1025.00,1030.00,1027.00,1027.00,0.75,0.00,0.00,8.00,0.00,2.00
95.00,57245.00,23.00,23.00,23.00,23.00,23.00,23.00,0.00,0.00,0.00,0.00,0.00,0.00
95.00,99990.00,535.00,534.00,533.00,536.00,538.00,541.00,0.75,1.00,1.00,5.00,4.00,4.00
97.00,0.00,12954.00,12979.00,12994.00,13000.00,13039.00,13123.00,7.09,44.27,33.27,24.08,50.92,101.23
97.00,3620.00,5934.00,5934.00,5933.00,5934.00,5941.00,5987.00,2.00,8.00,7.00,9.00,9.00,54.00
97.00,4935.00,514.00,514.00,514.00,515.00,520.00,523.00,0.34,0.27,0.27,1.08,5.92,3.23
97.00,71755.00,2354.00,2359.00,2366.00,2367.00,2371.00,2377.00,0.00,7.00,9.00,3.00,6.00,8.00
97.00,99990.00,4152.00,4172.00,4181.00,4184.00,4207.00,4236.00,4.75,29.00,17.00,11.00,30.00,36.00
99.00,0.00,5938.00,5921.00,5912.00,5898.00,5885.00,5874.00,0.25,2.00,8.00,4.00,3.00,4.00
99.00,31550.00,243.00,242.00,241.00,240.00,239.00,238.00,0.00,0.00,0.00,0.00,0.00,0.00
99.00,34520.00,45.00,45.00,45.00,45.00,45.00,45.00,,,,,,
99.00,37215.00,377.00,376.00,376.00,377.00,376.00,375.00,0.25,0.00,1.00,2.00,0.00,0.00
99.00,43110.00,3710.00,3701.00,3692.00,3682.00,3672.00,3664.00,0.00,2.00,1.00,1.00,0.00,1.00
99.00,85045.00,196.00,195.00,194.00,194.00,194.00,194.00,,,,,,
99.00,99990.00,1367.00,1362.00,1364.00,1360.00,1359.00,1358.00,,,6.00,1.00,3.00,3.00
101.00,0.00,69576.00,69642.00,69610.00,69868.00,70052.00,70070.00,94.25,234.00,118.00,266.00,158.00,157.00
101.00,7795.00,182.00,182.00,182.00,182.00,182.00,182.00,0.25,0.61,0.31,0.70,0.41,0.41
101.00,62000.00,47596.00,47644.00,47620.00,47780.00,47895.00,47902.00,64.62,160.45,80.85,182.27,108.26,107.58
101.00,66895.00,115.00,115.00,115.00,115.00,115.00,115.00,,,,,,
101.00,99990.00,21683.00,21701.00,21693.00,21791.00,21860.00,21871.00,29.38,72.94,36.84,83.04,49.32,49.01
103.00,0.00,3314.00,3327.00,3335.00,3339.00,3347.00,3351.00,6.50,22.00,16.00,8.00,10.00,10.00
103.00,49875.00,1219.00,1217.00,1214.00,1215.00,1213.00,1212.00,0.25,1.00,0.00,2.00,1.00,1.00
103.00,62880.00,1014.00,1018.00,1022.00,1024.00,1027.00,1028.00,2.00,7.00,6.00,2.00,2.00,3.00
103.00,99990.00,1081.00,1092.00,1099.00,1100.00,1107.00,1111.00,4.25,14.00,10.00,4.00,7.00,6.00
105.00,0.00,6628.00,6629.00,6626.00,6622.00,6617.00,6613.00,3.50,21.00,14.00,15.00,12.00,12.00
105.00,12855.00,95.00,95.00,95.00,95.00,95.00,95.00,0.00,0.00,0.00,0.00,0.00,0.00
105.00,19795.00,850.00,850.00,849.00,848.00,847.00,846.00,0.00,3.00,2.00,2.14,1.72,1.72
105.00,51635.00,1960.00,1961.00,1961.00,1961.00,1960.00,1959.00,1.35,6.92,4.61,4.94,3.95,3.95
105.00,72395.00,581.00,580.00,579.00,578.00,577.00,576.00,,,,,,
105.00,99990.00,3142.00,3143.00,3142.00,3140.00,3138.00,3137.00,2.15,11.08,7.39,7.92,6.33,6.33
107.00,0.00,16311.00,16309.00,16325.00,16350.00,16385.00,16492.00,17.50,27.00,42.00,54.00,60.00,132.00
107.00,35070.00,805.00,804.00,803.00,805.00,807.00,808.00,0.87,1.33,1.00,4.00,4.00,3.00
107.00,55155.00,505.00,504.00,504.00,502.00,503.00,506.00,0.55,0.84,1.35,1.65,1.84,4.20
107.00,73825.00,9970.00,9971.00,9984.00,10001.00,10024.00,10094.00,10.70,16.51,26.37,32.15,36.01,82.94
107.00,86475.00,213.00,213.00,213.00,214.00,214.00,215.00,0.23,0.35,0.57,0.69,0.77,1.77
107.00,99990.00,4818.00,4817.00,4821.00,4828.00,4837.00,4869.00,5.16,7.96,12.72,15.51,17.37,40.08
109.00,0.00,3849.00,3870.00,3884.00,3904.00,3929.00,3952.00,9.75,35.00,25.00,32.00,35.00,32.00
109.00,7571.00,42.00,42.00,42.00,42.00,42.00,42.00,,,,,,
109.00,12855.00,829.00,826.00,824.00,821.00,819.00,817.00,0.00,0.00,0.00,0.00,0.00,0.00
109.00,18420.00,108.00,109.00,109.00,110.00,116.00,117.00,1.25,1.00,0.00,1.00,6.00,1.00
109.00,51250.00,70.00,70.00,70.00,70.00,70.00,70.00,0.00,0.00,0.00,0.00,0.00,0.00
109.00,67005.00,345.00,344.00,343.00,343.00,342.00,341.00,0.00,0.00,0.00,0.00,0.00,0.00
109.00,99990.00,2455.00,2479.00,2496.00,2518.00,2540.00,2565.00,8.50,34.00,25.00,31.00,29.00,31.00
111.00,0.00,757.00,756.00,755.00,759.00,757.00,755.00,1.00,1.00,1.00,6.00,0.00,0.00
111.00,70580.00,501.00,500.00,498.00,499.00,497.00,495.00,0.25,1.00,0.00,3.00,0.00,0.00
111.00,99990.00,256.00,256.00,257.00,260.00,260.00,260.00,0.75,0.00,1.00,3.00,0.00,0.00
113.00,0.00,6647.00,6685.00,6704.00,6722.00,6736.00,6765.00,11.00,47.00,28.00,25.00,22.00,36.00
113.00,52550.00,2064.00,2069.00,2071.00,2074.00,2076.00,2078.00,0.25,6.00,3.00,4.00,3.00,3.00
113.00,54880.00,250.00,251.00,252.00,254.00,255.00,256.00,0.54,2.28,2.13,1.32,1.42,1.22
113.00,55870.00,65.00,65.00,65.00,65.00,65.00,65.00,0.00,0.00,0.00,0.00,0.00,0.00
113.00,68655.00,22.00,22.00,22.00,22.00,22.00,22.00,0.00,0.00,0.00,0.00,0.00,0.00
113.00,76795.00,2033.00,2049.00,2050.00,2055.00,2057.00,2075.00,5.50,19.00,4.00,8.00,5.00,21.00
113.00,99990.00,2213.00,2229.00,2244.00,2252.00,2261.00,2269.00,4.71,19.72,18.87,11.68,12.58,10.78
115.00,0.00,1415.00,1411.00,1407.00,1407.00,1408.00,1405.00,0.25,0.00,0.00,2.00,3.00,1.00
115.00,39965.00,730.00,728.00,726.00,726.00,727.00,725.00,0.25,0.00,0.00,0.00,1.00,0.00
115.00,56475.00,176.00,175.00,174.00,173.00,172.00,171.00,,,,,0.00,0.00
115.00,68930.00,110.00,110.00,110.00,110.00,110.00,110.00,0.00,0.00,0.00,0.00,0.00,0.00
115.00,99990.00,399.00,398.00,397.00,398.00,399.00,399.00,0.00,0.00,0.00,2.00,2.00,1.00
117.00,0.00,29853.00,29934.00,30055.00,30161.00,30404.00,30584.00,19.50,117.00,154.00,139.00,276.00,211.00
117.00,7410.00,726.00,728.00,733.00,732.00,734.00,735.00,0.38,2.76,5.89,,2.00,2.00
117.00,8400.00,6945.00,6963.00,7011.00,7044.00,7091.00,7149.00,3.62,26.24,56.11,41.00,55.00,66.00
117.00,20440.00,1295.00,1296.00,1298.00,1299.00,1302.00,1305.00,0.36,2.97,3.12,2.36,4.65,4.11
117.00,28690.00,3119.00,3151.00,3185.00,3228.00,3284.00,3344.00,6.00,36.00,37.00,46.00,59.00,63.00
117.00,51690.00,54.00,54.00,54.00,54.00,54.00,54.00,0.02,0.13,0.13,0.10,0.19,0.17
117.00,70525.00,2060.00,2071.00,2083.00,2102.00,2198.00,2222.00,4.75,13.00,14.00,21.00,99.00,26.00
117.00,99990.00,15654.00,15671.00,15691.00,15702.00,15741.00,15775.00,4.37,35.91,37.75,28.54,56.16,49.72
119.00,0.00,12646.00,12663.00,12695.00,12720.00,12741.00,12860.00,9.04,42.22,55.29,37.39,46.00,140.00
119.00,18530.00,727.00,726.00,725.00,723.00,721.00,719.00,0.50,1.00,1.00,0.00,0.00,0.00
119.00,32650.00,34.00,34.00,34.00,34.00,34.00,34.00,0.04,0.22,0.29,0.39,0.13,0.21
119.00,80865.00,339.00,339.00,339.00,340.00,341.00,340.00,0.24,1.16,1.53,1.05,1.31,0.00
119.00,86090.00,3183.00,3189.00,3199.00,3204.00,3212.00,3294.00,2.28,11.02,14.46,9.90,12.28,87.00
119.00,99990.00,8363.00,8375.00,8398.00,8419.00,8433.00,8473.00,5.97,28.82,38.01,26.05,32.28,52.79
121.00,0.00,2434.00,2431.00,2425.00,2419.00,2414.00,2412.00,1.75,5.00,1.00,1.00,2.00,5.00
121.00,925.00,842.00,841.00,840.00,839.00,837.00,837.00,0.75,1.00,1.00,0.00,0.00,2.00
121.00,56365.00,248.00,247.00,246.00,245.00,244.00,243.00,,,0.00,0.00,0.00,
121.00,99990.00,1344.00,1343.00,1339.00,1335.00,1333.00,1332.00,1.00,4.00,0.00,1.00,2.00,3.00
123.00,0.00,96396.00,96929.00,97520.00,98506.00,100062.00,102357.00,171.68,777.28,801.99,1116.03,1763.74,2500.41
123.00,3950.00,615.00,613.00,611.00,611.00,614.00,618.00,0.50,0.00,0.00,2.00,5.00,5.00
123.00,6255.00,20.00,20.00,20.00,20.00,21.00,22.00,0.03,0.11,0.16,0.39,1.44,0.65
123.00,8675.00,226.00,225.00,225.00,225.00,227.00,228.00,0.10,0.51,0.49,1.26,3.00,1.93
123.00,19080.00,1561.00,1573.00,1572.00,1579.00,1612.00,1691.00,4.75,20.00,5.00,6.00,39.00,84.00
123.00,22860.00,1698.00,1702.00,1709.00,1729.00,1772.00,1804.00,0.75,8.00,11.00,20.00,47.00,36.00
123.00,24950.00,3726.00,3782.00,3834.00,3909.00,4034.00,4186.00,14.52,67.09,60.88,84.56,134.17,161.82
123.00,25280.00,6769.00,6836.00,6921.00,6961.00,7059.00,7096.00,14.50,85.00,100.00,24.00,112.00,48.00
123.00,26600.00,3536.00,3613.00,3661.00,3707.00,3776.00,3899.00,21.75,87.00,56.00,54.00,76.00,130.00
123.00,27700.00,2548.00,2544.00,2540.00,2535.00,2536.00,2535.00,0.00,1.00,1.00,1.00,6.00,4.00
123.00,28360.00,3070.00,3119.00,3226.00,3447.00,3654.00,3796.00,6.00,55.00,113.00,229.00,214.00,148.00
123.00,29185.00,132.00,132.00,132.00,132.00,132.00,132.00,0.00,0.00,0.00,0.00,0.00,0.00
123.00,29955.00,346.00,345.00,344.00,343.00,342.00,341.00,0.00,0.00,0.00,0.00,0.00,0.00
123.00,32155.00,36324.00,36335.00,36311.00,36338.00,36699.00,37418.00,11.50,85.00,42.00,98.00,430.00,789.00
123.00,33310.00,90.00,90.00,90.00,90.00,90.00,90.00,0.00,0.00,0.00,0.00,0.00,0.00
123.00,37820.00,554.00,553.00,552.00,554.00,556.00,555.00,0.00,0.00,0.00,2.00,2.00,0.00
123.00,39855.00,3301.00,3407.00,3565.00,3846.00,4184.00,4660.00,22.39,114.51,166.22,290.89,347.22,486.66
123.00,40185.00,463.00,463.00,463.00,464.00,463.00,462.00,0.32,1.32,1.33,2.24,0.00,0.00
123.00,40515.00,529.00,528.00,527.00,536.00,538.00,541.00,0.00,0.00,0.00,7.00,2.00,4.00
123.00,43605.00,746.00,744.00,742.00,741.00,739.00,737.00,0.00,0.00,0.00,1.00,0.00,0.00
123.00,45530.00,1782.00,1855.00,1876.00,1868.00,1869.00,1891.00,24.74,84.95,28.98,1.00,8.00,27.98
123.00,45970.00,14.00,14.00,14.00,14.00,14.00,14.00,0.00,0.03,0.04,0.11,0.10,0.16
123.00,49600.00,1233.00,1248.00,1310.00,1362.00,1387.00,1506.00,7.00,17.00,65.00,55.00,27.00,122.00
123.00,50480.00,1982.00,1983.00,1984.00,2003.00,2035.00,2116.00,1.00,4.00,4.00,19.00,35.00,85.00
123.00,54330.00,14.00,14.00,14.00,14.00,14.00,14.00,0.00,0.00,0.00,0.00,0.22,0.00
123.00,55045.00,198.00,197.00,196.00,197.00,196.00,196.00,0.00,0.00,0.00,2.00,0.00,1.00
123.00,59005.00,337.00,336.00,335.00,334.00,333.00,332.00,0.00,0.00,0.00,0.00,0.00,0.00
123.00,60160.00,937.00,934.00,934.00,932.00,931.00,930.00,1.50,0.00,2.00,0.00,1.00,1.00
123.00,63045.00,55.00,55.00,55.00,55.00,55.00,55.00,,,,,,
123.00,69150.00,1169.00,1181.00,1186.00,1194.00,1223.00,1276.00,10.00,15.00,7.00,10.00,30.00,56.00
123.00,77290.00,0.00,0.00,0.00,0.00,0.00,0.00,0.00,0.00,0.00,0.00,0.00,0.00
123.00,85485.00,5549.00,5623.00,5704.00,5820.00,5957.00,6098.00,18.65,83.08,89.22,123.83,144.59,149.21
123.00,99990.00,16872.00,16865.00,16867.00,16946.00,17000.00,17118.00,11.68,48.68,48.67,81.76,99.00,159.00
125.00,0.00,4463.00,4449.00,4439.00,4430.00,4429.00,4421.00,0.00,0.00,3.00,1.00,2.00,3.00
125.00,23025.00,132.00,131.00,130.00,129.00,128.00,128.00,0.00,0.00,0.00,0.00,0.00,0.00
125.00,86310.00,1024.00,1021.00,1021.00,1018.00,1021.00,1021.00,0.00,0.00,3.00,0.00,1.00,3.00
125.00,86750.00,1489.00,1485.00,1481.00,1481.00,1483.00,1480.00,0.00,0.00,0.00,1.00,1.00,0.00
125.00,99990.00,1818.00,1812.00,1807.00,1802.00,1797.00,1792.00,,,,,,
